"LOCATION","INDICATOR","SUBJECT","MEASURE","FREQUENCY","TIME","Value","Flag Codes"
"AUS","HHSAV","TOT","PC_HHDI","A","1970",14.730999146029,
"AUS","HHSAV","TOT","PC_HHDI","A","1971",14.8860174388066,
"AUS","HHSAV","TOT","PC_HHDI","A","1972",16.9827506970189,
"AUS","HHSAV","TOT","PC_HHDI","A","1973",18.7528321836766,
"AUS","HHSAV","TOT","PC_HHDI","A","1974",17.9730816002638,
"AUS","HHSAV","TOT","PC_HHDI","A","1975",16.53404702459,
"AUS","HHSAV","TOT","PC_HHDI","A","1976",15.2461488240506,
"AUS","HHSAV","TOT","PC_HHDI","A","1977",14.3879923895427,
"AUS","HHSAV","TOT","PC_HHDI","A","1978",15.7869031070369,
"AUS","HHSAV","TOT","PC_HHDI","A","1979",15.0834142266971,
"AUS","HHSAV","TOT","PC_HHDI","A","1980",14.9995016445729,
"AUS","HHSAV","TOT","PC_HHDI","A","1981",14.2592415371097,
"AUS","HHSAV","TOT","PC_HHDI","A","1982",11.8301019482926,
"AUS","HHSAV","TOT","PC_HHDI","A","1983",13.7729317857117,
"AUS","HHSAV","TOT","PC_HHDI","A","1984",14.2977819134544,
"AUS","HHSAV","TOT","PC_HHDI","A","1985",11.5384151562293,
"AUS","HHSAV","TOT","PC_HHDI","A","1986",8.8896868635295,
"AUS","HHSAV","TOT","PC_HHDI","A","1987",7.81740546817596,
"AUS","HHSAV","TOT","PC_HHDI","A","1988",8.77869897959184,
"AUS","HHSAV","TOT","PC_HHDI","A","1989",8.83937887436322,
"AUS","HHSAV","TOT","PC_HHDI","A","1990",7.99582374333875,
"AUS","HHSAV","TOT","PC_HHDI","A","1991",6.18273086315536,
"AUS","HHSAV","TOT","PC_HHDI","A","1992",6.2103611359327,
"AUS","HHSAV","TOT","PC_HHDI","A","1993",5.97386869949004,
"AUS","HHSAV","TOT","PC_HHDI","A","1994",5.00998546964882,
"AUS","HHSAV","TOT","PC_HHDI","A","1995",5.26251853328516,
"AUS","HHSAV","TOT","PC_HHDI","A","1996",6.52232786788732,
"AUS","HHSAV","TOT","PC_HHDI","A","1997",3.82305821933373,
"AUS","HHSAV","TOT","PC_HHDI","A","1998",1.39300031677717,
"AUS","HHSAV","TOT","PC_HHDI","A","1999",0.762058384839484,
"AUS","HHSAV","TOT","PC_HHDI","A","2000",2.03939014914625,
"AUS","HHSAV","TOT","PC_HHDI","A","2001",3.32661201170925,
"AUS","HHSAV","TOT","PC_HHDI","A","2002",-0.998092199575326,
"AUS","HHSAV","TOT","PC_HHDI","A","2003",-0.069675667775204,
"AUS","HHSAV","TOT","PC_HHDI","A","2004",1.12038043073809,
"AUS","HHSAV","TOT","PC_HHDI","A","2005",0.320218933826123,
"AUS","HHSAV","TOT","PC_HHDI","A","2006",0.831748667110695,
"AUS","HHSAV","TOT","PC_HHDI","A","2007",2.52434592704554,
"AUS","HHSAV","TOT","PC_HHDI","A","2008",8.87187763509849,
"AUS","HHSAV","TOT","PC_HHDI","A","2009",6.82404795621434,
"AUS","HHSAV","TOT","PC_HHDI","A","2010",8.35143370298683,
"AUS","HHSAV","TOT","PC_HHDI","A","2011",8.83714394997931,
"AUS","HHSAV","TOT","PC_HHDI","A","2012",7.48181492027397,
"AUS","HHSAV","TOT","PC_HHDI","A","2013",7.86000214152163,
"AUS","HHSAV","TOT","PC_HHDI","A","2014",7.95245270383392,
"AUS","HHSAV","TOT","PC_HHDI","A","2015",6.083489972504,
"AUS","HHSAV","TOT","PC_HHDI","A","2016",5.19896202793271,
"AUS","HHSAV","TOT","PC_HHDI","A","2017",4.29242304077077,
"AUS","HHSAV","TOT","PC_HHDI","A","2018",3.88920792211434,
"AUS","HHSAV","TOT","PC_HHDI","A","2019",10.2618693499839,
"AUT","HHSAV","TOT","PC_HHDI","A","1995",14.650994839099,
"AUT","HHSAV","TOT","PC_HHDI","A","1996",11.9397096028179,
"AUT","HHSAV","TOT","PC_HHDI","A","1997",10.4232014998011,
"AUT","HHSAV","TOT","PC_HHDI","A","1998",10.3455205595328,
"AUT","HHSAV","TOT","PC_HHDI","A","1999",11.8836299861695,
"AUT","HHSAV","TOT","PC_HHDI","A","2000",10.6323620101249,
"AUT","HHSAV","TOT","PC_HHDI","A","2001",9.02211155348111,
"AUT","HHSAV","TOT","PC_HHDI","A","2002",9.40017464120189,
"AUT","HHSAV","TOT","PC_HHDI","A","2003",9.64812925464156,
"AUT","HHSAV","TOT","PC_HHDI","A","2004",9.52426830502389,
"AUT","HHSAV","TOT","PC_HHDI","A","2005",11.13639539683,
"AUT","HHSAV","TOT","PC_HHDI","A","2006",11.6196364290299,
"AUT","HHSAV","TOT","PC_HHDI","A","2007",12.4123757309681,
"AUT","HHSAV","TOT","PC_HHDI","A","2008",12.3545290786405,
"AUT","HHSAV","TOT","PC_HHDI","A","2009",11.3985751349722,
"AUT","HHSAV","TOT","PC_HHDI","A","2010",9.59183079078251,
"AUT","HHSAV","TOT","PC_HHDI","A","2011",7.88123256906157,
"AUT","HHSAV","TOT","PC_HHDI","A","2012",8.86254800930253,
"AUT","HHSAV","TOT","PC_HHDI","A","2013",7.1132177811741,
"AUT","HHSAV","TOT","PC_HHDI","A","2014",7.29640193215769,
"AUT","HHSAV","TOT","PC_HHDI","A","2015",6.73666489091466,
"AUT","HHSAV","TOT","PC_HHDI","A","2016",7.82043162856032,
"AUT","HHSAV","TOT","PC_HHDI","A","2017",7.46553476586546,
"AUT","HHSAV","TOT","PC_HHDI","A","2018",7.82084760786756,
"AUT","HHSAV","TOT","PC_HHDI","A","2019",8.22694155141945,
"BEL","HHSAV","TOT","PC_HHDI","A","1995",15.7816829984655,
"BEL","HHSAV","TOT","PC_HHDI","A","1996",13.9413996820441,
"BEL","HHSAV","TOT","PC_HHDI","A","1997",13.2444221631539,
"BEL","HHSAV","TOT","PC_HHDI","A","1998",12.4370026454443,
"BEL","HHSAV","TOT","PC_HHDI","A","1999",12.6831695432863,
"BEL","HHSAV","TOT","PC_HHDI","A","2000",11.4500313948214,
"BEL","HHSAV","TOT","PC_HHDI","A","2001",12.8730581728916,
"BEL","HHSAV","TOT","PC_HHDI","A","2002",12.4527919501222,
"BEL","HHSAV","TOT","PC_HHDI","A","2003",11.7697100076919,
"BEL","HHSAV","TOT","PC_HHDI","A","2004",10.4816073186544,
"BEL","HHSAV","TOT","PC_HHDI","A","2005",10.184735710472,
"BEL","HHSAV","TOT","PC_HHDI","A","2006",10.8563264890247,
"BEL","HHSAV","TOT","PC_HHDI","A","2007",11.2380743262931,
"BEL","HHSAV","TOT","PC_HHDI","A","2008",11.8859658436826,
"BEL","HHSAV","TOT","PC_HHDI","A","2009",12.1672894977989,
"BEL","HHSAV","TOT","PC_HHDI","A","2010",9.25756707954232,
"BEL","HHSAV","TOT","PC_HHDI","A","2011",8.34967775438769,
"BEL","HHSAV","TOT","PC_HHDI","A","2012",7.86810855002538,
"BEL","HHSAV","TOT","PC_HHDI","A","2013",6.57913642488806,
"BEL","HHSAV","TOT","PC_HHDI","A","2014",6.40555612582685,
"BEL","HHSAV","TOT","PC_HHDI","A","2015",5.52605837659284,
"BEL","HHSAV","TOT","PC_HHDI","A","2016",5.47748572290437,
"BEL","HHSAV","TOT","PC_HHDI","A","2017",5.41559170216165,
"BEL","HHSAV","TOT","PC_HHDI","A","2018",4.69083411541905,
"BEL","HHSAV","TOT","PC_HHDI","A","2019",6.2381531021442,
"CZE","HHSAV","TOT","PC_HHDI","A","1995",6.34931916939027,
"CZE","HHSAV","TOT","PC_HHDI","A","1996",7.04938405292659,
"CZE","HHSAV","TOT","PC_HHDI","A","1997",7.31035180780538,
"CZE","HHSAV","TOT","PC_HHDI","A","1998",6.03117401237168,
"CZE","HHSAV","TOT","PC_HHDI","A","1999",5.49960508792164,
"CZE","HHSAV","TOT","PC_HHDI","A","2000",6.48168238791948,
"CZE","HHSAV","TOT","PC_HHDI","A","2001",6.93044651245185,
"CZE","HHSAV","TOT","PC_HHDI","A","2002",6.96089979464835,
"CZE","HHSAV","TOT","PC_HHDI","A","2003",6.31213596106279,
"CZE","HHSAV","TOT","PC_HHDI","A","2004",5.66194780013413,
"CZE","HHSAV","TOT","PC_HHDI","A","2005",6.97904019615391,
"CZE","HHSAV","TOT","PC_HHDI","A","2006",8.43295923579189,
"CZE","HHSAV","TOT","PC_HHDI","A","2007",7.61800188736505,
"CZE","HHSAV","TOT","PC_HHDI","A","2008",6.85456634738407,
"CZE","HHSAV","TOT","PC_HHDI","A","2009",8.72970485877937,
"CZE","HHSAV","TOT","PC_HHDI","A","2010",7.98127183327891,
"CZE","HHSAV","TOT","PC_HHDI","A","2011",6.59414103220359,
"CZE","HHSAV","TOT","PC_HHDI","A","2012",6.88682196687488,
"CZE","HHSAV","TOT","PC_HHDI","A","2013",6.36126235767105,
"CZE","HHSAV","TOT","PC_HHDI","A","2014",7.39601591868682,
"CZE","HHSAV","TOT","PC_HHDI","A","2015",7.03628095686602,
"CZE","HHSAV","TOT","PC_HHDI","A","2016",6.28056491151251,
"CZE","HHSAV","TOT","PC_HHDI","A","2017",6.99996694847575,
"CZE","HHSAV","TOT","PC_HHDI","A","2018",7.44886764911056,
"CZE","HHSAV","TOT","PC_HHDI","A","2019",7.62784155545851,
"DNK","HHSAV","TOT","PC_HHDI","A","1995",-0.711369612350653,
"DNK","HHSAV","TOT","PC_HHDI","A","1996",-2.21361652244421,
"DNK","HHSAV","TOT","PC_HHDI","A","1997",-5.09062401316031,
"DNK","HHSAV","TOT","PC_HHDI","A","1998",-3.51860265535868,
"DNK","HHSAV","TOT","PC_HHDI","A","1999",-7.01429276202366,
"DNK","HHSAV","TOT","PC_HHDI","A","2000",-5.69394234805096,
"DNK","HHSAV","TOT","PC_HHDI","A","2001",0.353706451643008,
"DNK","HHSAV","TOT","PC_HHDI","A","2002",1.41226024194005,
"DNK","HHSAV","TOT","PC_HHDI","A","2003",2.18458283978477,
"DNK","HHSAV","TOT","PC_HHDI","A","2004",-1.9064146898567,
"DNK","HHSAV","TOT","PC_HHDI","A","2005",-4.2727235207528,
"DNK","HHSAV","TOT","PC_HHDI","A","2006",-1.52567575825474,
"DNK","HHSAV","TOT","PC_HHDI","A","2007",-3.0338951750161,
"DNK","HHSAV","TOT","PC_HHDI","A","2008",-4.09924316599746,
"DNK","HHSAV","TOT","PC_HHDI","A","2009",0.65682460998064,
"DNK","HHSAV","TOT","PC_HHDI","A","2010",1.83706415835001,
"DNK","HHSAV","TOT","PC_HHDI","A","2011",0.79963499067298,
"DNK","HHSAV","TOT","PC_HHDI","A","2012",0.122214384216133,
"DNK","HHSAV","TOT","PC_HHDI","A","2013",2.33988684162496,
"DNK","HHSAV","TOT","PC_HHDI","A","2014",-2.89805753605089,
"DNK","HHSAV","TOT","PC_HHDI","A","2015",3.90863198381378,
"DNK","HHSAV","TOT","PC_HHDI","A","2016",5.61316419164871,
"DNK","HHSAV","TOT","PC_HHDI","A","2017",6.03360309966319,
"DNK","HHSAV","TOT","PC_HHDI","A","2018",6.18274563133444,
"DNK","HHSAV","TOT","PC_HHDI","A","2019",3.68053467359709,
"FIN","HHSAV","TOT","PC_HHDI","A","1980",2.4467906820848,
"FIN","HHSAV","TOT","PC_HHDI","A","1981",1.55758574209975,
"FIN","HHSAV","TOT","PC_HHDI","A","1982",1.8256107102495,
"FIN","HHSAV","TOT","PC_HHDI","A","1983",3.37489417378588,
"FIN","HHSAV","TOT","PC_HHDI","A","1984",1.82643543639394,
"FIN","HHSAV","TOT","PC_HHDI","A","1985",1.24397551126742,
"FIN","HHSAV","TOT","PC_HHDI","A","1986",0.125225252741211,
"FIN","HHSAV","TOT","PC_HHDI","A","1987",0.911999102031653,
"FIN","HHSAV","TOT","PC_HHDI","A","1988",-2.15978192493185,
"FIN","HHSAV","TOT","PC_HHDI","A","1989",-0.573065902578797,
"FIN","HHSAV","TOT","PC_HHDI","A","1990",1.90459775067867,
"FIN","HHSAV","TOT","PC_HHDI","A","1991",6.97145387929299,
"FIN","HHSAV","TOT","PC_HHDI","A","1992",9.38699592385927,
"FIN","HHSAV","TOT","PC_HHDI","A","1993",6.84555634015939,
"FIN","HHSAV","TOT","PC_HHDI","A","1994",0.740894901144641,
"FIN","HHSAV","TOT","PC_HHDI","A","1995",3.94958304643868,
"FIN","HHSAV","TOT","PC_HHDI","A","1996",0.359787157492094,
"FIN","HHSAV","TOT","PC_HHDI","A","1997",2.10225569213947,
"FIN","HHSAV","TOT","PC_HHDI","A","1998",0.715185091916394,
"FIN","HHSAV","TOT","PC_HHDI","A","1999",2.79428598309629,
"FIN","HHSAV","TOT","PC_HHDI","A","2000",2.63346470798997,
"FIN","HHSAV","TOT","PC_HHDI","A","2001",1.88458520579214,
"FIN","HHSAV","TOT","PC_HHDI","A","2002",2.01310157136801,
"FIN","HHSAV","TOT","PC_HHDI","A","2003",1.52645817269365,
"FIN","HHSAV","TOT","PC_HHDI","A","2004",2.45377398402309,
"FIN","HHSAV","TOT","PC_HHDI","A","2005",0.508738620320335,
"FIN","HHSAV","TOT","PC_HHDI","A","2006",-1.02983954208501,
"FIN","HHSAV","TOT","PC_HHDI","A","2007",-0.703710270845339,
"FIN","HHSAV","TOT","PC_HHDI","A","2008",-0.40659352174961,
"FIN","HHSAV","TOT","PC_HHDI","A","2009",3.29088348741811,
"FIN","HHSAV","TOT","PC_HHDI","A","2010",3.26677347504982,
"FIN","HHSAV","TOT","PC_HHDI","A","2011",1.05282947922542,
"FIN","HHSAV","TOT","PC_HHDI","A","2012",0.35219987342817,
"FIN","HHSAV","TOT","PC_HHDI","A","2013",0.94750686696431,
"FIN","HHSAV","TOT","PC_HHDI","A","2014",-0.002659574468085,
"FIN","HHSAV","TOT","PC_HHDI","A","2015",-0.464174781000244,
"FIN","HHSAV","TOT","PC_HHDI","A","2016",-1.38896038159949,
"FIN","HHSAV","TOT","PC_HHDI","A","2017",-0.94652312184807,
"FIN","HHSAV","TOT","PC_HHDI","A","2018",-0.783368484483278,
"FIN","HHSAV","TOT","PC_HHDI","A","2019",0.392804640943363,
"FRA","HHSAV","TOT","PC_HHDI","A","1978",15.506456729606,
"FRA","HHSAV","TOT","PC_HHDI","A","1979",13.0713829004355,
"FRA","HHSAV","TOT","PC_HHDI","A","1980",12.0176025272505,
"FRA","HHSAV","TOT","PC_HHDI","A","1981",11.6592743737613,
"FRA","HHSAV","TOT","PC_HHDI","A","1982",10.8668299398907,
"FRA","HHSAV","TOT","PC_HHDI","A","1983",10.0790324128884,
"FRA","HHSAV","TOT","PC_HHDI","A","1984",8.68202137013797,
"FRA","HHSAV","TOT","PC_HHDI","A","1985",7.87262738764588,
"FRA","HHSAV","TOT","PC_HHDI","A","1986",7.11760637865105,
"FRA","HHSAV","TOT","PC_HHDI","A","1987",5.54947835565244,
"FRA","HHSAV","TOT","PC_HHDI","A","1988",5.51372233636846,
"FRA","HHSAV","TOT","PC_HHDI","A","1989",5.82535883123784,
"FRA","HHSAV","TOT","PC_HHDI","A","1990",7.12003257719117,
"FRA","HHSAV","TOT","PC_HHDI","A","1991",7.46820574321048,
"FRA","HHSAV","TOT","PC_HHDI","A","1992",8.76276964648261,
"FRA","HHSAV","TOT","PC_HHDI","A","1993",9.41149842205767,
"FRA","HHSAV","TOT","PC_HHDI","A","1994",8.49471371726213,
"FRA","HHSAV","TOT","PC_HHDI","A","1995",9.08877634667609,
"FRA","HHSAV","TOT","PC_HHDI","A","1996",8.44374593827504,
"FRA","HHSAV","TOT","PC_HHDI","A","1997",9.45560778194813,
"FRA","HHSAV","TOT","PC_HHDI","A","1998",8.95172715074734,
"FRA","HHSAV","TOT","PC_HHDI","A","1999",8.69509194698097,
"FRA","HHSAV","TOT","PC_HHDI","A","2000",8.67369758635164,
"FRA","HHSAV","TOT","PC_HHDI","A","2001",9.37004316562427,
"FRA","HHSAV","TOT","PC_HHDI","A","2002",10.3908705553662,
"FRA","HHSAV","TOT","PC_HHDI","A","2003",9.59870818067074,
"FRA","HHSAV","TOT","PC_HHDI","A","2004",9.64876657288932,
"FRA","HHSAV","TOT","PC_HHDI","A","2005",8.50187080402661,
"FRA","HHSAV","TOT","PC_HHDI","A","2006",9.04619142592186,
"FRA","HHSAV","TOT","PC_HHDI","A","2007",9.43227066733218,
"FRA","HHSAV","TOT","PC_HHDI","A","2008",9.25110721597067,
"FRA","HHSAV","TOT","PC_HHDI","A","2009",10.5942921936619,
"FRA","HHSAV","TOT","PC_HHDI","A","2010",10.4531314479273,
"FRA","HHSAV","TOT","PC_HHDI","A","2011",9.94334367788653,
"FRA","HHSAV","TOT","PC_HHDI","A","2012",9.99733843178511,
"FRA","HHSAV","TOT","PC_HHDI","A","2013",8.5215837152381,
"FRA","HHSAV","TOT","PC_HHDI","A","2014",8.85563975396751,
"FRA","HHSAV","TOT","PC_HHDI","A","2015",8.3280675806316,
"FRA","HHSAV","TOT","PC_HHDI","A","2016",8.18294459978975,
"FRA","HHSAV","TOT","PC_HHDI","A","2017",8.36969154689083,
"FRA","HHSAV","TOT","PC_HHDI","A","2018",8.64946028390388,"E"
"FRA","HHSAV","TOT","PC_HHDI","A","2019",9.10735569704033,"E"
"DEU","HHSAV","TOT","PC_HHDI","A","1995",11.382038913426,
"DEU","HHSAV","TOT","PC_HHDI","A","1996",10.9420310731557,
"DEU","HHSAV","TOT","PC_HHDI","A","1997",10.5507521177154,
"DEU","HHSAV","TOT","PC_HHDI","A","1998",10.404590554359,
"DEU","HHSAV","TOT","PC_HHDI","A","1999",9.82203937885198,
"DEU","HHSAV","TOT","PC_HHDI","A","2000",9.33170231465679,
"DEU","HHSAV","TOT","PC_HHDI","A","2001",9.99283877860086,
"DEU","HHSAV","TOT","PC_HHDI","A","2002",10.0837980422417,
"DEU","HHSAV","TOT","PC_HHDI","A","2003",10.5514208147389,
"DEU","HHSAV","TOT","PC_HHDI","A","2004",10.6240325349695,
"DEU","HHSAV","TOT","PC_HHDI","A","2005",10.5626812040034,
"DEU","HHSAV","TOT","PC_HHDI","A","2006",10.6364854826729,
"DEU","HHSAV","TOT","PC_HHDI","A","2007",10.6954033712757,
"DEU","HHSAV","TOT","PC_HHDI","A","2008",10.911750227265,
"DEU","HHSAV","TOT","PC_HHDI","A","2009",10.3744257134917,
"DEU","HHSAV","TOT","PC_HHDI","A","2010",10.3067972157926,
"DEU","HHSAV","TOT","PC_HHDI","A","2011",10.020736030819,
"DEU","HHSAV","TOT","PC_HHDI","A","2012",9.6518936129149,
"DEU","HHSAV","TOT","PC_HHDI","A","2013",9.28901313956851,
"DEU","HHSAV","TOT","PC_HHDI","A","2014",9.83621301474942,
"DEU","HHSAV","TOT","PC_HHDI","A","2015",10.0637420827351,
"DEU","HHSAV","TOT","PC_HHDI","A","2016",10.1962662600368,
"DEU","HHSAV","TOT","PC_HHDI","A","2017",10.5927672510496,
"DEU","HHSAV","TOT","PC_HHDI","A","2018",10.9314635326973,
"DEU","HHSAV","TOT","PC_HHDI","A","2019",10.8652508999207,
"GRC","HHSAV","TOT","PC_HHDI","A","2010",-4.11580294160234,"B"
"GRC","HHSAV","TOT","PC_HHDI","A","2011",-9.1027659436596,
"GRC","HHSAV","TOT","PC_HHDI","A","2012",-15.3326044213873,
"GRC","HHSAV","TOT","PC_HHDI","A","2013",-17.3924027858563,
"GRC","HHSAV","TOT","PC_HHDI","A","2014",-13.6790819431017,
"GRC","HHSAV","TOT","PC_HHDI","A","2015",-11.7721712494461,
"GRC","HHSAV","TOT","PC_HHDI","A","2016",-13.0814882438516,
"GRC","HHSAV","TOT","PC_HHDI","A","2017",-13.4244036796092,"E"
"GRC","HHSAV","TOT","PC_HHDI","A","2018",-13.9764652779922,"E"
"GRC","HHSAV","TOT","PC_HHDI","A","2019",-11.5477408465682,"E"
"HUN","HHSAV","TOT","PC_HHDI","A","1995",13.4385690607401,
"HUN","HHSAV","TOT","PC_HHDI","A","1996",12.940140541021,
"HUN","HHSAV","TOT","PC_HHDI","A","1997",11.5405740073838,
"HUN","HHSAV","TOT","PC_HHDI","A","1998",10.5130151145927,
"HUN","HHSAV","TOT","PC_HHDI","A","1999",6.59549737969237,
"HUN","HHSAV","TOT","PC_HHDI","A","2000",4.5000510283026,
"HUN","HHSAV","TOT","PC_HHDI","A","2001",5.28199729076913,
"HUN","HHSAV","TOT","PC_HHDI","A","2002",2.85921589093725,
"HUN","HHSAV","TOT","PC_HHDI","A","2003",1.58906736555654,
"HUN","HHSAV","TOT","PC_HHDI","A","2004",5.84278030388037,
"HUN","HHSAV","TOT","PC_HHDI","A","2005",7.52387769092503,
"HUN","HHSAV","TOT","PC_HHDI","A","2006",8.09830925840518,
"HUN","HHSAV","TOT","PC_HHDI","A","2007",3.82833542851075,
"HUN","HHSAV","TOT","PC_HHDI","A","2008",3.41163434595042,
"HUN","HHSAV","TOT","PC_HHDI","A","2009",5.57169803059439,
"HUN","HHSAV","TOT","PC_HHDI","A","2010",5.91399658175789,
"HUN","HHSAV","TOT","PC_HHDI","A","2011",6.45913131794803,
"HUN","HHSAV","TOT","PC_HHDI","A","2012",4.81441857792106,
"HUN","HHSAV","TOT","PC_HHDI","A","2013",6.81094186449486,
"HUN","HHSAV","TOT","PC_HHDI","A","2014",7.45267224074056,
"HUN","HHSAV","TOT","PC_HHDI","A","2015",7.28119009859395,
"HUN","HHSAV","TOT","PC_HHDI","A","2016",6.92853263111911,
"HUN","HHSAV","TOT","PC_HHDI","A","2017",6.40042363225884,
"HUN","HHSAV","TOT","PC_HHDI","A","2018",8.12053785407936,
"HUN","HHSAV","TOT","PC_HHDI","A","2019",6.31703032952935,
"IRL","HHSAV","TOT","PC_HHDI","A","1995",5.59515932872404,
"IRL","HHSAV","TOT","PC_HHDI","A","1996",5.05592476610329,
"IRL","HHSAV","TOT","PC_HHDI","A","1997",4.48760615620987,
"IRL","HHSAV","TOT","PC_HHDI","A","1998",4.70763455798443,
"IRL","HHSAV","TOT","PC_HHDI","A","1999",1.0182873231003,
"IRL","HHSAV","TOT","PC_HHDI","A","2000",-2.61445100773949,
"IRL","HHSAV","TOT","PC_HHDI","A","2001",2.22118734966298,
"IRL","HHSAV","TOT","PC_HHDI","A","2002",0.554426331094068,
"IRL","HHSAV","TOT","PC_HHDI","A","2003",1.49810045509186,
"IRL","HHSAV","TOT","PC_HHDI","A","2004",2.10141648216363,
"IRL","HHSAV","TOT","PC_HHDI","A","2005",2.78686755793915,
"IRL","HHSAV","TOT","PC_HHDI","A","2006",0.897548870557098,
"IRL","HHSAV","TOT","PC_HHDI","A","2007",0.559751763348201,
"IRL","HHSAV","TOT","PC_HHDI","A","2008",6.24014767093391,
"IRL","HHSAV","TOT","PC_HHDI","A","2009",11.3306109389135,
"IRL","HHSAV","TOT","PC_HHDI","A","2010",9.84427025516792,
"IRL","HHSAV","TOT","PC_HHDI","A","2011",4.08680974934259,
"IRL","HHSAV","TOT","PC_HHDI","A","2012",6.82721337716056,
"IRL","HHSAV","TOT","PC_HHDI","A","2013",4.81607001797434,
"IRL","HHSAV","TOT","PC_HHDI","A","2014",3.47910756520976,
"IRL","HHSAV","TOT","PC_HHDI","A","2015",3.85412327127887,
"IRL","HHSAV","TOT","PC_HHDI","A","2016",2.84738831914282,
"IRL","HHSAV","TOT","PC_HHDI","A","2017",6.84863117037404,
"IRL","HHSAV","TOT","PC_HHDI","A","2018",6.89181106130608,
"IRL","HHSAV","TOT","PC_HHDI","A","2019",7.51135063832844,
"ITA","HHSAV","TOT","PC_HHDI","A","1995",16.1578521344785,
"ITA","HHSAV","TOT","PC_HHDI","A","1996",16.6018928733106,
"ITA","HHSAV","TOT","PC_HHDI","A","1997",13.7631354303896,
"ITA","HHSAV","TOT","PC_HHDI","A","1998",9.97301737842892,
"ITA","HHSAV","TOT","PC_HHDI","A","1999",8.84643930481088,
"ITA","HHSAV","TOT","PC_HHDI","A","2000",7.36345315258451,
"ITA","HHSAV","TOT","PC_HHDI","A","2001",8.82880617429602,
"ITA","HHSAV","TOT","PC_HHDI","A","2002",9.57192171055523,
"ITA","HHSAV","TOT","PC_HHDI","A","2003",9.07511683079108,
"ITA","HHSAV","TOT","PC_HHDI","A","2004",9.48791175841964,
"ITA","HHSAV","TOT","PC_HHDI","A","2005",8.90417156446212,
"ITA","HHSAV","TOT","PC_HHDI","A","2006",8.30484463940146,
"ITA","HHSAV","TOT","PC_HHDI","A","2007",7.81493403631709,
"ITA","HHSAV","TOT","PC_HHDI","A","2008",7.38184543280954,
"ITA","HHSAV","TOT","PC_HHDI","A","2009",6.75973047902949,
"ITA","HHSAV","TOT","PC_HHDI","A","2010",3.93446266911294,
"ITA","HHSAV","TOT","PC_HHDI","A","2011",3.4072931301035,
"ITA","HHSAV","TOT","PC_HHDI","A","2012",1.47339175274258,
"ITA","HHSAV","TOT","PC_HHDI","A","2013",3.29316737627115,
"ITA","HHSAV","TOT","PC_HHDI","A","2014",3.6911432150561,
"ITA","HHSAV","TOT","PC_HHDI","A","2015",2.8862380106133,
"ITA","HHSAV","TOT","PC_HHDI","A","2016",3.00370393554806,
"ITA","HHSAV","TOT","PC_HHDI","A","2017",2.59579407018745,
"ITA","HHSAV","TOT","PC_HHDI","A","2018",2.55391639873734,
"ITA","HHSAV","TOT","PC_HHDI","A","2019",2.54957837917701,
"JPN","HHSAV","TOT","PC_HHDI","A","1994",13.2830814764277,
"JPN","HHSAV","TOT","PC_HHDI","A","1995",12.3089790787752,
"JPN","HHSAV","TOT","PC_HHDI","A","1996",11.0000867725292,
"JPN","HHSAV","TOT","PC_HHDI","A","1997",10.9049768384011,
"JPN","HHSAV","TOT","PC_HHDI","A","1998",12.0969529867502,
"JPN","HHSAV","TOT","PC_HHDI","A","1999",10.534936452618,
"JPN","HHSAV","TOT","PC_HHDI","A","2000",8.85163157559952,
"JPN","HHSAV","TOT","PC_HHDI","A","2001",5.56350881046326,
"JPN","HHSAV","TOT","PC_HHDI","A","2002",4.90586540456714,
"JPN","HHSAV","TOT","PC_HHDI","A","2003",4.39627173889521,
"JPN","HHSAV","TOT","PC_HHDI","A","2004",3.76592714523481,
"JPN","HHSAV","TOT","PC_HHDI","A","2005",3.66310267334195,
"JPN","HHSAV","TOT","PC_HHDI","A","2006",2.73516651151974,
"JPN","HHSAV","TOT","PC_HHDI","A","2007",2.76125933186353,
"JPN","HHSAV","TOT","PC_HHDI","A","2008",2.74699893202305,
"JPN","HHSAV","TOT","PC_HHDI","A","2009",4.21024633903987,
"JPN","HHSAV","TOT","PC_HHDI","A","2010",3.92781598708915,
"JPN","HHSAV","TOT","PC_HHDI","A","2011",4.21211983306251,
"JPN","HHSAV","TOT","PC_HHDI","A","2012",2.93753916886101,
"JPN","HHSAV","TOT","PC_HHDI","A","2013",0.649770991139365,
"JPN","HHSAV","TOT","PC_HHDI","A","2014",0.076253978359854,
"JPN","HHSAV","TOT","PC_HHDI","A","2015",1.41680582319229,
"JPN","HHSAV","TOT","PC_HHDI","A","2016",3.27252630780078,
"JPN","HHSAV","TOT","PC_HHDI","A","2017",2.62020199160063,
"JPN","HHSAV","TOT","PC_HHDI","A","2018",4.28857440726586,
"KOR","HHSAV","TOT","PC_HHDI","A","2005",4.60566095551073,
"KOR","HHSAV","TOT","PC_HHDI","A","2006",2.99030826650639,
"KOR","HHSAV","TOT","PC_HHDI","A","2007",2.05836731030504,
"KOR","HHSAV","TOT","PC_HHDI","A","2008",2.59006535968712,
"KOR","HHSAV","TOT","PC_HHDI","A","2009",3.49480943122225,
"KOR","HHSAV","TOT","PC_HHDI","A","2010",3.17578903028795,
"KOR","HHSAV","TOT","PC_HHDI","A","2011",2.54557459580991,
"KOR","HHSAV","TOT","PC_HHDI","A","2012",3.16246810335725,
"KOR","HHSAV","TOT","PC_HHDI","A","2013",5.21047509740871,
"KOR","HHSAV","TOT","PC_HHDI","A","2014",6.83280625597767,
"KOR","HHSAV","TOT","PC_HHDI","A","2015",9.62962072980377,
"KOR","HHSAV","TOT","PC_HHDI","A","2016",8.65963600833525,
"KOR","HHSAV","TOT","PC_HHDI","A","2017",7.5419616700027,
"KOR","HHSAV","TOT","PC_HHDI","A","2018",7.17285669683526,
"KOR","HHSAV","TOT","PC_HHDI","A","2019",7.07139258515833,"E"
"LUX","HHSAV","TOT","PC_HHDI","A","1995",11.383533055953,
"LUX","HHSAV","TOT","PC_HHDI","A","1996",9.79854663942693,
"LUX","HHSAV","TOT","PC_HHDI","A","1997",9.94913151364764,
"LUX","HHSAV","TOT","PC_HHDI","A","1998",10.3439648290899,
"LUX","HHSAV","TOT","PC_HHDI","A","1999",8.17515123522851,
"LUX","HHSAV","TOT","PC_HHDI","A","2000",9.44142874901587,
"LUX","HHSAV","TOT","PC_HHDI","A","2001",10.7203586334828,
"LUX","HHSAV","TOT","PC_HHDI","A","2002",11.720498015157,
"LUX","HHSAV","TOT","PC_HHDI","A","2003",10.9342500326357,
"LUX","HHSAV","TOT","PC_HHDI","A","2004",11.529955770004,
"LUX","HHSAV","TOT","PC_HHDI","A","2005",10.6879234493663,
"LUX","HHSAV","TOT","PC_HHDI","A","2006",9.59954647811914,
"LUX","HHSAV","TOT","PC_HHDI","A","2007",11.2199413056174,
"LUX","HHSAV","TOT","PC_HHDI","A","2008",11.5355060663099,
"LUX","HHSAV","TOT","PC_HHDI","A","2009",12.4842362006125,
"LUX","HHSAV","TOT","PC_HHDI","A","2010",15.2696807325988,
"LUX","HHSAV","TOT","PC_HHDI","A","2011",13.0583750634791,
"LUX","HHSAV","TOT","PC_HHDI","A","2012",14.3571372570305,
"LUX","HHSAV","TOT","PC_HHDI","A","2013",14.4978779486644,
"LUX","HHSAV","TOT","PC_HHDI","A","2014",15.2020218705606,
"LUX","HHSAV","TOT","PC_HHDI","A","2015",15.0273712252887,
"LUX","HHSAV","TOT","PC_HHDI","A","2016",13.6628076557967,
"LUX","HHSAV","TOT","PC_HHDI","A","2017",16.0427674951175,
"LUX","HHSAV","TOT","PC_HHDI","A","2018",15.9913519610838,
"MEX","HHSAV","TOT","PC_HHDI","A","2003",5.09958349129485,
"MEX","HHSAV","TOT","PC_HHDI","A","2004",5.84632418067207,
"MEX","HHSAV","TOT","PC_HHDI","A","2005",5.98157396690822,
"MEX","HHSAV","TOT","PC_HHDI","A","2006",7.74984662598011,
"MEX","HHSAV","TOT","PC_HHDI","A","2007",6.87721086605497,
"MEX","HHSAV","TOT","PC_HHDI","A","2008",7.0217927886008,
"MEX","HHSAV","TOT","PC_HHDI","A","2009",15.0845014992316,
"MEX","HHSAV","TOT","PC_HHDI","A","2010",14.5361786887253,
"MEX","HHSAV","TOT","PC_HHDI","A","2011",15.748727926487,
"MEX","HHSAV","TOT","PC_HHDI","A","2012",14.6475257037987,
"MEX","HHSAV","TOT","PC_HHDI","A","2013",12.2279474355126,
"MEX","HHSAV","TOT","PC_HHDI","A","2014",14.3334862040684,
"MEX","HHSAV","TOT","PC_HHDI","A","2015",15.3512066105801,
"MEX","HHSAV","TOT","PC_HHDI","A","2016",13.9799754987887,
"MEX","HHSAV","TOT","PC_HHDI","A","2017",13.0160532111754,
"MEX","HHSAV","TOT","PC_HHDI","A","2018",10.2534198094393,
"MEX","HHSAV","TOT","PC_HHDI","A","2019",14.6882426281712,
"NLD","HHSAV","TOT","PC_HHDI","A","1995",10.2795415827784,
"NLD","HHSAV","TOT","PC_HHDI","A","1996",8.83503976984261,
"NLD","HHSAV","TOT","PC_HHDI","A","1997",8.69761825491083,
"NLD","HHSAV","TOT","PC_HHDI","A","1998",6.86681721961086,
"NLD","HHSAV","TOT","PC_HHDI","A","1999",4.63172316219762,
"NLD","HHSAV","TOT","PC_HHDI","A","2000",4.00850647268308,
"NLD","HHSAV","TOT","PC_HHDI","A","2001",5.01587402248919,
"NLD","HHSAV","TOT","PC_HHDI","A","2002",5.13105765628725,
"NLD","HHSAV","TOT","PC_HHDI","A","2003",4.65320521885397,
"NLD","HHSAV","TOT","PC_HHDI","A","2004",4.27348863756938,
"NLD","HHSAV","TOT","PC_HHDI","A","2005",2.4885671699167,
"NLD","HHSAV","TOT","PC_HHDI","A","2006",1.79334844995319,
"NLD","HHSAV","TOT","PC_HHDI","A","2007",1.75447009659519,
"NLD","HHSAV","TOT","PC_HHDI","A","2008",3.62900332074192,
"NLD","HHSAV","TOT","PC_HHDI","A","2009",7.49273470075391,
"NLD","HHSAV","TOT","PC_HHDI","A","2010",5.74132717291145,
"NLD","HHSAV","TOT","PC_HHDI","A","2011",6.6351486098398,
"NLD","HHSAV","TOT","PC_HHDI","A","2012",8.29622497693264,
"NLD","HHSAV","TOT","PC_HHDI","A","2013",8.55213095593204,
"NLD","HHSAV","TOT","PC_HHDI","A","2014",9.86351125950637,
"NLD","HHSAV","TOT","PC_HHDI","A","2015",9.5484347853923,
"NLD","HHSAV","TOT","PC_HHDI","A","2016",10.2536142371553,
"NLD","HHSAV","TOT","PC_HHDI","A","2017",8.78682895422632,
"NLD","HHSAV","TOT","PC_HHDI","A","2018",9.11654985604887,
"NLD","HHSAV","TOT","PC_HHDI","A","2019",10.0066719602625,"E"
"NZL","HHSAV","TOT","PC_HHDI","A","1998",-1.65951045225186,
"NZL","HHSAV","TOT","PC_HHDI","A","1999",2.9944578899884,
"NZL","HHSAV","TOT","PC_HHDI","A","2000",-2.37423259332538,
"NZL","HHSAV","TOT","PC_HHDI","A","2001",-1.19728303550516,
"NZL","HHSAV","TOT","PC_HHDI","A","2002",-6.20011188582188,
"NZL","HHSAV","TOT","PC_HHDI","A","2003",-3.7995871929118,
"NZL","HHSAV","TOT","PC_HHDI","A","2004",-3.3805141077488,
"NZL","HHSAV","TOT","PC_HHDI","A","2005",-5.33841860051372,
"NZL","HHSAV","TOT","PC_HHDI","A","2006",-3.42705057853957,
"NZL","HHSAV","TOT","PC_HHDI","A","2007",0.206432895360839,
"NZL","HHSAV","TOT","PC_HHDI","A","2008",-1.64930555555556,
"NZL","HHSAV","TOT","PC_HHDI","A","2009",1.5835722404112,
"NZL","HHSAV","TOT","PC_HHDI","A","2010",2.19142583516422,
"NZL","HHSAV","TOT","PC_HHDI","A","2011",2.58788173152814,
"NZL","HHSAV","TOT","PC_HHDI","A","2012",1.01983088307398,
"NZL","HHSAV","TOT","PC_HHDI","A","2013",0.635515629375902,
"NZL","HHSAV","TOT","PC_HHDI","A","2014",-0.639626235799602,
"NZL","HHSAV","TOT","PC_HHDI","A","2015",-0.239988800522642,
"NZL","HHSAV","TOT","PC_HHDI","A","2016",0.015444206260463,
"NZL","HHSAV","TOT","PC_HHDI","A","2017",0.065928423902263,
"NZL","HHSAV","TOT","PC_HHDI","A","2018",-0.319949350774153,"E"
"NOR","HHSAV","TOT","PC_HHDI","A","1978",5.95556858780953,
"NOR","HHSAV","TOT","PC_HHDI","A","1979",1.84056280581292,
"NOR","HHSAV","TOT","PC_HHDI","A","1980",3.1054452174589,
"NOR","HHSAV","TOT","PC_HHDI","A","1981",5.53057027736445,
"NOR","HHSAV","TOT","PC_HHDI","A","1982",4.873670511152,
"NOR","HHSAV","TOT","PC_HHDI","A","1983",4.68038542754695,
"NOR","HHSAV","TOT","PC_HHDI","A","1984",5.36106244794637,
"NOR","HHSAV","TOT","PC_HHDI","A","1985",-1.29386856819227,
"NOR","HHSAV","TOT","PC_HHDI","A","1986",-3.96266755520384,
"NOR","HHSAV","TOT","PC_HHDI","A","1987",-3.79720324784122,
"NOR","HHSAV","TOT","PC_HHDI","A","1988",-0.53058864624613,
"NOR","HHSAV","TOT","PC_HHDI","A","1989",1.69737611470636,
"NOR","HHSAV","TOT","PC_HHDI","A","1990",2.73324823997389,
"NOR","HHSAV","TOT","PC_HHDI","A","1991",3.39360035467794,
"NOR","HHSAV","TOT","PC_HHDI","A","1992",5.37423638902032,
"NOR","HHSAV","TOT","PC_HHDI","A","1993",6.38598915607506,
"NOR","HHSAV","TOT","PC_HHDI","A","1994",5.46853051599227,
"NOR","HHSAV","TOT","PC_HHDI","A","1995",4.85991995425958,
"NOR","HHSAV","TOT","PC_HHDI","A","1996",2.5991366309395,
"NOR","HHSAV","TOT","PC_HHDI","A","1997",3.03848090444434,
"NOR","HHSAV","TOT","PC_HHDI","A","1998",5.72776179031388,
"NOR","HHSAV","TOT","PC_HHDI","A","1999",4.71005645172874,
"NOR","HHSAV","TOT","PC_HHDI","A","2000",4.30386636243746,
"NOR","HHSAV","TOT","PC_HHDI","A","2001",3.09090829908588,
"NOR","HHSAV","TOT","PC_HHDI","A","2002",8.20873540001525,
"NOR","HHSAV","TOT","PC_HHDI","A","2003",8.80146654174633,
"NOR","HHSAV","TOT","PC_HHDI","A","2004",6.93261553279852,
"NOR","HHSAV","TOT","PC_HHDI","A","2005",9.68982811510932,
"NOR","HHSAV","TOT","PC_HHDI","A","2006",-0.424791713578023,
"NOR","HHSAV","TOT","PC_HHDI","A","2007",0.939591444854844,
"NOR","HHSAV","TOT","PC_HHDI","A","2008",3.75815705001837,
"NOR","HHSAV","TOT","PC_HHDI","A","2009",5.22172757481221,
"NOR","HHSAV","TOT","PC_HHDI","A","2010",4.01956058431021,
"NOR","HHSAV","TOT","PC_HHDI","A","2011",5.87246483039183,
"NOR","HHSAV","TOT","PC_HHDI","A","2012",7.12328334524152,
"NOR","HHSAV","TOT","PC_HHDI","A","2013",7.41511614737677,
"NOR","HHSAV","TOT","PC_HHDI","A","2014",8.20688746157107,
"NOR","HHSAV","TOT","PC_HHDI","A","2015",10.3378319305022,
"NOR","HHSAV","TOT","PC_HHDI","A","2016",7.25151490477179,
"NOR","HHSAV","TOT","PC_HHDI","A","2017",6.72469422405254,
"NOR","HHSAV","TOT","PC_HHDI","A","2018",6.51500283889413,
"POL","HHSAV","TOT","PC_HHDI","A","1999",10.0092230290302,
"POL","HHSAV","TOT","PC_HHDI","A","2000",10.2124381054392,
"POL","HHSAV","TOT","PC_HHDI","A","2001",11.5523396145775,
"POL","HHSAV","TOT","PC_HHDI","A","2002",8.15801955354274,
"POL","HHSAV","TOT","PC_HHDI","A","2003",7.1936567095023,
"POL","HHSAV","TOT","PC_HHDI","A","2004",2.35365970531336,
"POL","HHSAV","TOT","PC_HHDI","A","2005",1.80693641073508,
"POL","HHSAV","TOT","PC_HHDI","A","2006",2.05194142618481,
"POL","HHSAV","TOT","PC_HHDI","A","2007",1.739028001693,
"POL","HHSAV","TOT","PC_HHDI","A","2008",0.026235484182765,
"POL","HHSAV","TOT","PC_HHDI","A","2009",2.63712339753732,
"POL","HHSAV","TOT","PC_HHDI","A","2010",2.82250753142006,
"POL","HHSAV","TOT","PC_HHDI","A","2011",-0.343057831987322,
"POL","HHSAV","TOT","PC_HHDI","A","2012",-0.335624486905011,
"POL","HHSAV","TOT","PC_HHDI","A","2013",0.652676547670518,
"POL","HHSAV","TOT","PC_HHDI","A","2014",0.470926601106866,
"POL","HHSAV","TOT","PC_HHDI","A","2015",0.127408913512444,
"POL","HHSAV","TOT","PC_HHDI","A","2016",1.72026118385713,
"POL","HHSAV","TOT","PC_HHDI","A","2017",0.428147292226528,
"POL","HHSAV","TOT","PC_HHDI","A","2018",-0.730835573777018,
"POL","HHSAV","TOT","PC_HHDI","A","2019",1.43342660390059,
"PRT","HHSAV","TOT","PC_HHDI","A","1995",7.55220129071784,
"PRT","HHSAV","TOT","PC_HHDI","A","1996",6.43319594980258,
"PRT","HHSAV","TOT","PC_HHDI","A","1997",6.16581974683623,
"PRT","HHSAV","TOT","PC_HHDI","A","1998",7.62501672646728,
"PRT","HHSAV","TOT","PC_HHDI","A","1999",7.18370345585347,
"PRT","HHSAV","TOT","PC_HHDI","A","2000",6.08353163473617,
"PRT","HHSAV","TOT","PC_HHDI","A","2001",6.38331816187255,
"PRT","HHSAV","TOT","PC_HHDI","A","2002",6.21946347963726,
"PRT","HHSAV","TOT","PC_HHDI","A","2003",5.61122172139326,
"PRT","HHSAV","TOT","PC_HHDI","A","2004",4.07102849512569,
"PRT","HHSAV","TOT","PC_HHDI","A","2005",2.76420371094835,
"PRT","HHSAV","TOT","PC_HHDI","A","2006",0.835053617769783,
"PRT","HHSAV","TOT","PC_HHDI","A","2007",-0.39922291804216,
"PRT","HHSAV","TOT","PC_HHDI","A","2008",-0.869490690387154,
"PRT","HHSAV","TOT","PC_HHDI","A","2009",4.06774259251874,
"PRT","HHSAV","TOT","PC_HHDI","A","2010",1.57231144372316,
"PRT","HHSAV","TOT","PC_HHDI","A","2011",0.607412319913274,
"PRT","HHSAV","TOT","PC_HHDI","A","2012",2.06846263787415,
"PRT","HHSAV","TOT","PC_HHDI","A","2013",1.64529912532667,
"PRT","HHSAV","TOT","PC_HHDI","A","2014",-1.41759032276979,
"PRT","HHSAV","TOT","PC_HHDI","A","2015",-1.19186938909014,
"PRT","HHSAV","TOT","PC_HHDI","A","2016",-1.30554464616626,
"PRT","HHSAV","TOT","PC_HHDI","A","2017",-2.24142170232875,
"PRT","HHSAV","TOT","PC_HHDI","A","2018",-2.46664133736181,
"PRT","HHSAV","TOT","PC_HHDI","A","2019",-2.19125015397355,"E"
"SVK","HHSAV","TOT","PC_HHDI","A","1995",3.07621645483849,
"SVK","HHSAV","TOT","PC_HHDI","A","1996",6.81904302959188,
"SVK","HHSAV","TOT","PC_HHDI","A","1997",8.7105162731448,
"SVK","HHSAV","TOT","PC_HHDI","A","1998",6.86721203849819,
"SVK","HHSAV","TOT","PC_HHDI","A","1999",5.31394185233971,
"SVK","HHSAV","TOT","PC_HHDI","A","2000",4.57853205209339,
"SVK","HHSAV","TOT","PC_HHDI","A","2001",2.43734333421161,
"SVK","HHSAV","TOT","PC_HHDI","A","2002",1.55104549955876,
"SVK","HHSAV","TOT","PC_HHDI","A","2003",0.842879125089262,
"SVK","HHSAV","TOT","PC_HHDI","A","2004",0.356736569131661,
"SVK","HHSAV","TOT","PC_HHDI","A","2005",0.8148934425919,
"SVK","HHSAV","TOT","PC_HHDI","A","2006",0.308470739092077,
"SVK","HHSAV","TOT","PC_HHDI","A","2007",1.04528072334458,
"SVK","HHSAV","TOT","PC_HHDI","A","2008",0.236964287263504,
"SVK","HHSAV","TOT","PC_HHDI","A","2009",1.69081556895549,
"SVK","HHSAV","TOT","PC_HHDI","A","2010",2.56152532268834,
"SVK","HHSAV","TOT","PC_HHDI","A","2011",1.80365480841011,
"SVK","HHSAV","TOT","PC_HHDI","A","2012",1.85969822251062,
"SVK","HHSAV","TOT","PC_HHDI","A","2013",0.787694410455557,
"SVK","HHSAV","TOT","PC_HHDI","A","2014",1.365121323749,
"SVK","HHSAV","TOT","PC_HHDI","A","2015",3.08807076119703,
"SVK","HHSAV","TOT","PC_HHDI","A","2016",3.59417805789543,
"SVK","HHSAV","TOT","PC_HHDI","A","2017",3.18255988167707,
"SVK","HHSAV","TOT","PC_HHDI","A","2018",5.24094265692806,
"SVK","HHSAV","TOT","PC_HHDI","A","2019",4.54757949133074,
"ESP","HHSAV","TOT","PC_HHDI","A","1995",4.89916276487337,
"ESP","HHSAV","TOT","PC_HHDI","A","1996",5.89917575688168,
"ESP","HHSAV","TOT","PC_HHDI","A","1997",6.95585666286728,
"ESP","HHSAV","TOT","PC_HHDI","A","1998",7.17657032065289,
"ESP","HHSAV","TOT","PC_HHDI","A","1999",6.17961793537136,
"ESP","HHSAV","TOT","PC_HHDI","A","2000",6.59963291038225,
"ESP","HHSAV","TOT","PC_HHDI","A","2001",6.44997140451133,
"ESP","HHSAV","TOT","PC_HHDI","A","2002",6.08309650750405,
"ESP","HHSAV","TOT","PC_HHDI","A","2003",7.07961593678393,
"ESP","HHSAV","TOT","PC_HHDI","A","2004",5.07049732138624,
"ESP","HHSAV","TOT","PC_HHDI","A","2005",4.26515099004182,
"ESP","HHSAV","TOT","PC_HHDI","A","2006",2.36010600861404,
"ESP","HHSAV","TOT","PC_HHDI","A","2007",0.772101258446608,
"ESP","HHSAV","TOT","PC_HHDI","A","2008",3.07682484082243,
"ESP","HHSAV","TOT","PC_HHDI","A","2009",6.9458626572178,
"ESP","HHSAV","TOT","PC_HHDI","A","2010",5.06468932062502,
"ESP","HHSAV","TOT","PC_HHDI","A","2011",5.90750549806244,
"ESP","HHSAV","TOT","PC_HHDI","A","2012",2.22401715488304,
"ESP","HHSAV","TOT","PC_HHDI","A","2013",3.98179677103312,
"ESP","HHSAV","TOT","PC_HHDI","A","2014",2.27614189881049,
"ESP","HHSAV","TOT","PC_HHDI","A","2015",3.1700230622558,
"ESP","HHSAV","TOT","PC_HHDI","A","2016",2.97293333014033,
"ESP","HHSAV","TOT","PC_HHDI","A","2017",1.64338179834995,
"ESP","HHSAV","TOT","PC_HHDI","A","2018",1.43045548528938,
"ESP","HHSAV","TOT","PC_HHDI","A","2019",2.0051921379335,
"SWE","HHSAV","TOT","PC_HHDI","A","1995",4.86800454200262,
"SWE","HHSAV","TOT","PC_HHDI","A","1996",2.76230975364973,
"SWE","HHSAV","TOT","PC_HHDI","A","1997",-1.07773951625771,
"SWE","HHSAV","TOT","PC_HHDI","A","1998",-1.1564061964868,
"SWE","HHSAV","TOT","PC_HHDI","A","1999",-0.983125499870456,
"SWE","HHSAV","TOT","PC_HHDI","A","2000",0.353540894928691,
"SWE","HHSAV","TOT","PC_HHDI","A","2001",4.79574559223474,
"SWE","HHSAV","TOT","PC_HHDI","A","2002",5.1424428714277,
"SWE","HHSAV","TOT","PC_HHDI","A","2003",4.6370446524659,
"SWE","HHSAV","TOT","PC_HHDI","A","2004",3.30426652391339,
"SWE","HHSAV","TOT","PC_HHDI","A","2005",2.85046133337701,
"SWE","HHSAV","TOT","PC_HHDI","A","2006",5.00087600413232,
"SWE","HHSAV","TOT","PC_HHDI","A","2007",7.63009496814987,
"SWE","HHSAV","TOT","PC_HHDI","A","2008",9.38675814363994,
"SWE","HHSAV","TOT","PC_HHDI","A","2009",8.75689963818165,
"SWE","HHSAV","TOT","PC_HHDI","A","2010",9.7077298811405,
"SWE","HHSAV","TOT","PC_HHDI","A","2011",10.6280704071043,
"SWE","HHSAV","TOT","PC_HHDI","A","2012",13.0895813534737,
"SWE","HHSAV","TOT","PC_HHDI","A","2013",13.3288831588206,
"SWE","HHSAV","TOT","PC_HHDI","A","2014",13.7404238430156,
"SWE","HHSAV","TOT","PC_HHDI","A","2015",11.8962605657208,
"SWE","HHSAV","TOT","PC_HHDI","A","2016",13.3272686019581,
"SWE","HHSAV","TOT","PC_HHDI","A","2017",12.1909358342511,
"SWE","HHSAV","TOT","PC_HHDI","A","2018",13.3702221021651,
"SWE","HHSAV","TOT","PC_HHDI","A","2019",15.8717316712032,
"CHE","HHSAV","TOT","PC_HHDI","A","1995",13.3558371603889,
"CHE","HHSAV","TOT","PC_HHDI","A","1996",12.0097289280272,
"CHE","HHSAV","TOT","PC_HHDI","A","1997",14.342436633962,
"CHE","HHSAV","TOT","PC_HHDI","A","1998",13.7165039699362,
"CHE","HHSAV","TOT","PC_HHDI","A","1999",15.0519217474303,
"CHE","HHSAV","TOT","PC_HHDI","A","2000",14.8476292384271,
"CHE","HHSAV","TOT","PC_HHDI","A","2001",15.2571065023336,
"CHE","HHSAV","TOT","PC_HHDI","A","2002",14.5633773047581,
"CHE","HHSAV","TOT","PC_HHDI","A","2003",13.6257917803602,
"CHE","HHSAV","TOT","PC_HHDI","A","2004",13.2591822529472,
"CHE","HHSAV","TOT","PC_HHDI","A","2005",14.488409668631,
"CHE","HHSAV","TOT","PC_HHDI","A","2006",16.1054027216612,
"CHE","HHSAV","TOT","PC_HHDI","A","2007",18.0323148370537,
"CHE","HHSAV","TOT","PC_HHDI","A","2008",17.411241248433,
"CHE","HHSAV","TOT","PC_HHDI","A","2009",17.1347541809976,
"CHE","HHSAV","TOT","PC_HHDI","A","2010",17.3215716110899,
"CHE","HHSAV","TOT","PC_HHDI","A","2011",17.2211261008119,
"CHE","HHSAV","TOT","PC_HHDI","A","2012",17.3706226061277,
"CHE","HHSAV","TOT","PC_HHDI","A","2013",17.6866360071399,
"CHE","HHSAV","TOT","PC_HHDI","A","2014",18.7984738419631,
"CHE","HHSAV","TOT","PC_HHDI","A","2015",17.9548398275886,
"CHE","HHSAV","TOT","PC_HHDI","A","2016",17.3939852510128,
"CHE","HHSAV","TOT","PC_HHDI","A","2017",16.4488462202533,"E"
"CHE","HHSAV","TOT","PC_HHDI","A","2018",15.9978921444917,"E"
"CHE","HHSAV","TOT","PC_HHDI","A","2019",16.1655236467244,"E"
"GBR","HHSAV","TOT","PC_HHDI","A","1995",10.0411441035047,
"GBR","HHSAV","TOT","PC_HHDI","A","1996",9.01921438063886,
"GBR","HHSAV","TOT","PC_HHDI","A","1997",7.38417503229706,
"GBR","HHSAV","TOT","PC_HHDI","A","1998",4.2116254785938,
"GBR","HHSAV","TOT","PC_HHDI","A","1999",3.03960425127694,
"GBR","HHSAV","TOT","PC_HHDI","A","2000",4.8326477309827,
"GBR","HHSAV","TOT","PC_HHDI","A","2001",4.76537256514843,
"GBR","HHSAV","TOT","PC_HHDI","A","2002",4.85506509110817,
"GBR","HHSAV","TOT","PC_HHDI","A","2003",3.5036527168731,
"GBR","HHSAV","TOT","PC_HHDI","A","2004",3.55801183992634,
"GBR","HHSAV","TOT","PC_HHDI","A","2005",3.33189114120129,
"GBR","HHSAV","TOT","PC_HHDI","A","2006",3.05495634309194,
"GBR","HHSAV","TOT","PC_HHDI","A","2007",4.43571233811816,
"GBR","HHSAV","TOT","PC_HHDI","A","2008",3.33605388587692,
"GBR","HHSAV","TOT","PC_HHDI","A","2009",6.38037535152258,
"GBR","HHSAV","TOT","PC_HHDI","A","2010",6.89318515472806,
"GBR","HHSAV","TOT","PC_HHDI","A","2011",4.51982412800986,
"GBR","HHSAV","TOT","PC_HHDI","A","2012",3.94674221061763,
"GBR","HHSAV","TOT","PC_HHDI","A","2013",3.09895352157627,
"GBR","HHSAV","TOT","PC_HHDI","A","2014",3.61815481506154,
"GBR","HHSAV","TOT","PC_HHDI","A","2015",4.86156694112883,
"GBR","HHSAV","TOT","PC_HHDI","A","2016",2.19106537944223,
"GBR","HHSAV","TOT","PC_HHDI","A","2017",-0.038309149589357,
"GBR","HHSAV","TOT","PC_HHDI","A","2018",0.344843457611224,
"GBR","HHSAV","TOT","PC_HHDI","A","2019",0.742847015126646,
"USA","HHSAV","TOT","PC_HHDI","A","1970",13.1111903069122,
"USA","HHSAV","TOT","PC_HHDI","A","1971",13.7861756250125,
"USA","HHSAV","TOT","PC_HHDI","A","1972",12.6780689546293,
"USA","HHSAV","TOT","PC_HHDI","A","1973",13.7825487446915,
"USA","HHSAV","TOT","PC_HHDI","A","1974",13.588925649352,
"USA","HHSAV","TOT","PC_HHDI","A","1975",13.7309986303475,
"USA","HHSAV","TOT","PC_HHDI","A","1976",11.8569749728771,
"USA","HHSAV","TOT","PC_HHDI","A","1977",10.9057634641403,
"USA","HHSAV","TOT","PC_HHDI","A","1978",10.9597924618742,
"USA","HHSAV","TOT","PC_HHDI","A","1979",10.5395041180513,
"USA","HHSAV","TOT","PC_HHDI","A","1980",11.3470699824654,
"USA","HHSAV","TOT","PC_HHDI","A","1981",12.0698455881309,
"USA","HHSAV","TOT","PC_HHDI","A","1982",12.405173260168,
"USA","HHSAV","TOT","PC_HHDI","A","1983",10.3711726918842,
"USA","HHSAV","TOT","PC_HHDI","A","1984",11.7031087037457,
"USA","HHSAV","TOT","PC_HHDI","A","1985",9.50475465045598,
"USA","HHSAV","TOT","PC_HHDI","A","1986",9.14741619024057,
"USA","HHSAV","TOT","PC_HHDI","A","1987",8.21628453167177,
"USA","HHSAV","TOT","PC_HHDI","A","1988",8.77932000332824,
"USA","HHSAV","TOT","PC_HHDI","A","1989",8.68014393579899,
"USA","HHSAV","TOT","PC_HHDI","A","1990",8.65974158447973,
"USA","HHSAV","TOT","PC_HHDI","A","1991",9.12485358420481,
"USA","HHSAV","TOT","PC_HHDI","A","1992",9.75766614545771,
"USA","HHSAV","TOT","PC_HHDI","A","1993",8.19988167981981,
"USA","HHSAV","TOT","PC_HHDI","A","1994",7.14716462132461,
"USA","HHSAV","TOT","PC_HHDI","A","1995",7.23519825547431,
"USA","HHSAV","TOT","PC_HHDI","A","1996",6.79362010393128,
"USA","HHSAV","TOT","PC_HHDI","A","1997",6.58466165319367,
"USA","HHSAV","TOT","PC_HHDI","A","1998",7.06113661640694,
"USA","HHSAV","TOT","PC_HHDI","A","1999",5.2704817606823,
"USA","HHSAV","TOT","PC_HHDI","A","2000",5.03182012719838,
"USA","HHSAV","TOT","PC_HHDI","A","2001",5.25151127840679,
"USA","HHSAV","TOT","PC_HHDI","A","2002",6.06032434584051,
"USA","HHSAV","TOT","PC_HHDI","A","2003",5.7538693911771,
"USA","HHSAV","TOT","PC_HHDI","A","2004",5.34512126131198,
"USA","HHSAV","TOT","PC_HHDI","A","2005",3.2806533680427,
"USA","HHSAV","TOT","PC_HHDI","A","2006",3.99770171052199,
"USA","HHSAV","TOT","PC_HHDI","A","2007",3.87844784806828,
"USA","HHSAV","TOT","PC_HHDI","A","2008",5.17932301637567,
"USA","HHSAV","TOT","PC_HHDI","A","2009",6.34236647745621,
"USA","HHSAV","TOT","PC_HHDI","A","2010",6.78029191856323,
"USA","HHSAV","TOT","PC_HHDI","A","2011",7.39578927660217,
"USA","HHSAV","TOT","PC_HHDI","A","2012",9.14273850027293,
"USA","HHSAV","TOT","PC_HHDI","A","2013",6.6126859314405,
"USA","HHSAV","TOT","PC_HHDI","A","2014",7.5878762829039,
"USA","HHSAV","TOT","PC_HHDI","A","2015",7.86594345226045,
"USA","HHSAV","TOT","PC_HHDI","A","2016",6.99491901711465,
"USA","HHSAV","TOT","PC_HHDI","A","2017",7.18755047673889,
"USA","HHSAV","TOT","PC_HHDI","A","2018",7.95836328868044,
"CHL","HHSAV","TOT","PC_HHDI","A","2003",15.7047073618006,
"CHL","HHSAV","TOT","PC_HHDI","A","2004",11.7743359853717,
"CHL","HHSAV","TOT","PC_HHDI","A","2005",12.1014146278229,
"CHL","HHSAV","TOT","PC_HHDI","A","2006",12.2154169115761,
"CHL","HHSAV","TOT","PC_HHDI","A","2007",9.34317380670883,
"CHL","HHSAV","TOT","PC_HHDI","A","2008",9.88497691578036,
"CHL","HHSAV","TOT","PC_HHDI","A","2009",11.8603671999494,
"CHL","HHSAV","TOT","PC_HHDI","A","2010",7.85336992453643,
"CHL","HHSAV","TOT","PC_HHDI","A","2011",9.30475390219902,
"CHL","HHSAV","TOT","PC_HHDI","A","2012",10.5828230772742,
"CHL","HHSAV","TOT","PC_HHDI","A","2013",10.6652552647357,
"CHL","HHSAV","TOT","PC_HHDI","A","2014",10.5899481772854,
"CHL","HHSAV","TOT","PC_HHDI","A","2015",9.58962286615247,
"CHL","HHSAV","TOT","PC_HHDI","A","2016",10.6934361193999,
"CHL","HHSAV","TOT","PC_HHDI","A","2017",9.80927415193422,
"CHL","HHSAV","TOT","PC_HHDI","A","2018",9.6137207600003,
"EST","HHSAV","TOT","PC_HHDI","A","1995",12.5287608195464,
"EST","HHSAV","TOT","PC_HHDI","A","1996",5.50250921525958,
"EST","HHSAV","TOT","PC_HHDI","A","1997",-1.02726647827083,
"EST","HHSAV","TOT","PC_HHDI","A","1998",-1.37509549274255,
"EST","HHSAV","TOT","PC_HHDI","A","1999",-1.49008840075007,
"EST","HHSAV","TOT","PC_HHDI","A","2000",0.017896557895365,
"EST","HHSAV","TOT","PC_HHDI","A","2001",-2.20747598533701,
"EST","HHSAV","TOT","PC_HHDI","A","2002",-10.4617346938776,
"EST","HHSAV","TOT","PC_HHDI","A","2003",-9.70140768198667,
"EST","HHSAV","TOT","PC_HHDI","A","2004",-11.2336660150221,
"EST","HHSAV","TOT","PC_HHDI","A","2005",-9.20022023693231,
"EST","HHSAV","TOT","PC_HHDI","A","2006",-8.12108497813497,
"EST","HHSAV","TOT","PC_HHDI","A","2007",-7.19508225455092,
"EST","HHSAV","TOT","PC_HHDI","A","2008",2.89128546771764,
"EST","HHSAV","TOT","PC_HHDI","A","2009",7.41511594970381,
"EST","HHSAV","TOT","PC_HHDI","A","2010",3.61992077530581,
"EST","HHSAV","TOT","PC_HHDI","A","2011",4.57521522428636,
"EST","HHSAV","TOT","PC_HHDI","A","2012",0.71724646802231,
"EST","HHSAV","TOT","PC_HHDI","A","2013",2.53724046414639,
"EST","HHSAV","TOT","PC_HHDI","A","2014",4.13595336592704,
"EST","HHSAV","TOT","PC_HHDI","A","2015",5.67643857677571,
"EST","HHSAV","TOT","PC_HHDI","A","2016",2.72849764203907,
"EST","HHSAV","TOT","PC_HHDI","A","2017",5.84257675834262,
"EST","HHSAV","TOT","PC_HHDI","A","2018",6.20924686403493,
"EST","HHSAV","TOT","PC_HHDI","A","2019",9.60351151148524,
"RUS","HHSAV","TOT","PC_HHDI","A","2011",3.74302693647998,
"RUS","HHSAV","TOT","PC_HHDI","A","2012",3.54421435765347,
"RUS","HHSAV","TOT","PC_HHDI","A","2013",3.9759224186312,
"RUS","HHSAV","TOT","PC_HHDI","A","2014",4.14866424124492,
"RUS","HHSAV","TOT","PC_HHDI","A","2015",9.20605213594712,
"RUS","HHSAV","TOT","PC_HHDI","A","2016",9.51221496549684,
"RUS","HHSAV","TOT","PC_HHDI","A","2017",8.71264478694349,
"RUS","HHSAV","TOT","PC_HHDI","A","2018",7.34802840911395,
"SVN","HHSAV","TOT","PC_HHDI","A","1995",4.73109657753716,
"SVN","HHSAV","TOT","PC_HHDI","A","1996",5.31784596418479,
"SVN","HHSAV","TOT","PC_HHDI","A","1997",7.6314112162274,
"SVN","HHSAV","TOT","PC_HHDI","A","1998",6.43953523270521,
"SVN","HHSAV","TOT","PC_HHDI","A","1999",3.67868840324938,
"SVN","HHSAV","TOT","PC_HHDI","A","2000",7.75003518991257,
"SVN","HHSAV","TOT","PC_HHDI","A","2001",9.03862611086371,
"SVN","HHSAV","TOT","PC_HHDI","A","2002",9.75758700877416,
"SVN","HHSAV","TOT","PC_HHDI","A","2003",7.14303140517883,
"SVN","HHSAV","TOT","PC_HHDI","A","2004",7.64743985060232,
"SVN","HHSAV","TOT","PC_HHDI","A","2005",10.04969895852,
"SVN","HHSAV","TOT","PC_HHDI","A","2006",11.3109635379615,
"SVN","HHSAV","TOT","PC_HHDI","A","2007",9.50399273890569,
"SVN","HHSAV","TOT","PC_HHDI","A","2008",9.16302535199375,
"SVN","HHSAV","TOT","PC_HHDI","A","2009",6.5666081726623,
"SVN","HHSAV","TOT","PC_HHDI","A","2010",5.01956144414245,
"SVN","HHSAV","TOT","PC_HHDI","A","2011",3.64822135296296,
"SVN","HHSAV","TOT","PC_HHDI","A","2012",0.80249945738471,
"SVN","HHSAV","TOT","PC_HHDI","A","2013",3.04826012831186,
"SVN","HHSAV","TOT","PC_HHDI","A","2014",3.1384956154024,
"SVN","HHSAV","TOT","PC_HHDI","A","2015",3.60150085121122,
"SVN","HHSAV","TOT","PC_HHDI","A","2016",3.80622700199885,
"SVN","HHSAV","TOT","PC_HHDI","A","2017",5.45261137715133,
"SVN","HHSAV","TOT","PC_HHDI","A","2018",6.04938344433498,
"SVN","HHSAV","TOT","PC_HHDI","A","2019",5.99606372015133,
"ZAF","HHSAV","TOT","PC_HHDI","A","1995",2.51769609032173,
"ZAF","HHSAV","TOT","PC_HHDI","A","1996",2.16962233047746,
"ZAF","HHSAV","TOT","PC_HHDI","A","1997",3.5857272465469,
"ZAF","HHSAV","TOT","PC_HHDI","A","1998",2.65406121632408,
"ZAF","HHSAV","TOT","PC_HHDI","A","1999",2.23163899207723,
"ZAF","HHSAV","TOT","PC_HHDI","A","2000",1.94814576451505,
"ZAF","HHSAV","TOT","PC_HHDI","A","2001",1.4184269635983,
"ZAF","HHSAV","TOT","PC_HHDI","A","2002",1.57120373363773,
"ZAF","HHSAV","TOT","PC_HHDI","A","2003",1.05502393523928,
"ZAF","HHSAV","TOT","PC_HHDI","A","2004",0.920046116186326,
"ZAF","HHSAV","TOT","PC_HHDI","A","2005",0.494941372024891,
"ZAF","HHSAV","TOT","PC_HHDI","A","2006",-1.74284671820058,
"ZAF","HHSAV","TOT","PC_HHDI","A","2007",-2.26747482138619,
"ZAF","HHSAV","TOT","PC_HHDI","A","2008",-1.07652781213833,
"ZAF","HHSAV","TOT","PC_HHDI","A","2009",-0.52767515743353,
"ZAF","HHSAV","TOT","PC_HHDI","A","2010",-0.833831129105261,
"ZAF","HHSAV","TOT","PC_HHDI","A","2011",-1.27315936526715,
"ZAF","HHSAV","TOT","PC_HHDI","A","2012",-1.98956403615799,
"ZAF","HHSAV","TOT","PC_HHDI","A","2013",-2.30507645343983,
"ZAF","HHSAV","TOT","PC_HHDI","A","2014",-2.03683304030104,
"ZAF","HHSAV","TOT","PC_HHDI","A","2015",-0.830271768499236,
"ZAF","HHSAV","TOT","PC_HHDI","A","2016",-0.906378294939805,
"ZAF","HHSAV","TOT","PC_HHDI","A","2017",0.202509362670244,
"ZAF","HHSAV","TOT","PC_HHDI","A","2018",-0.104137298929162,
"ZAF","HHSAV","TOT","PC_HHDI","A","2019",-0.251802022878503,
"EA","HHSAV","TOT","PC_HHDI","A","1999",8.06494071691402,
"EA","HHSAV","TOT","PC_HHDI","A","2000",7.23901834371871,
"EA","HHSAV","TOT","PC_HHDI","A","2001",7.99805554941472,
"EA","HHSAV","TOT","PC_HHDI","A","2002",8.2747294157059,
"EA","HHSAV","TOT","PC_HHDI","A","2003",8.15906575066304,
"EA","HHSAV","TOT","PC_HHDI","A","2004",7.94508232667462,
"EA","HHSAV","TOT","PC_HHDI","A","2005",6.79342428250154,
"EA","HHSAV","TOT","PC_HHDI","A","2006",6.720473413403,
"EA","HHSAV","TOT","PC_HHDI","A","2007",6.40424918470222,
"EA","HHSAV","TOT","PC_HHDI","A","2008",6.61557024536815,
"EA","HHSAV","TOT","PC_HHDI","A","2009",7.77183675512098,
"EA","HHSAV","TOT","PC_HHDI","A","2010",6.60752246518246,
"EA","HHSAV","TOT","PC_HHDI","A","2011",6.13668713824206,
"EA","HHSAV","TOT","PC_HHDI","A","2012",5.61642324740471,
"EA","HHSAV","TOT","PC_HHDI","A","2013",5.61520221826594,
"EA","HHSAV","TOT","PC_HHDI","A","2014",5.73551270700472,
"EA","HHSAV","TOT","PC_HHDI","A","2015",5.65468573226401,
"EA","HHSAV","TOT","PC_HHDI","A","2016",5.65444272807006,
"EA","HHSAV","TOT","PC_HHDI","A","2017",5.64449655885989,
"EA","HHSAV","TOT","PC_HHDI","A","2018",5.75859601663179,
"EA","HHSAV","TOT","PC_HHDI","A","2019",6.211867345423,
"EU","HHSAV","TOT","PC_HHDI","A","1999",7.65859758557855,
"EU","HHSAV","TOT","PC_HHDI","A","2000",7.17958108644722,
"EU","HHSAV","TOT","PC_HHDI","A","2001",7.92181944039292,
"EU","HHSAV","TOT","PC_HHDI","A","2002",7.54125487770942,
"EU","HHSAV","TOT","PC_HHDI","A","2003",7.58450807219244,
"EU","HHSAV","TOT","PC_HHDI","A","2004",7.08722357271397,
"EU","HHSAV","TOT","PC_HHDI","A","2005",6.28900247528156,
"EU","HHSAV","TOT","PC_HHDI","A","2006",6.07412407845877,
"EU","HHSAV","TOT","PC_HHDI","A","2007",5.61009742606622,
"EU","HHSAV","TOT","PC_HHDI","A","2008",6.10917706035764,
"EU","HHSAV","TOT","PC_HHDI","A","2009",7.404217677069,
"EU","HHSAV","TOT","PC_HHDI","A","2010",6.4281954451313,
"EU","HHSAV","TOT","PC_HHDI","A","2011",5.90733506171238,
"EU","HHSAV","TOT","PC_HHDI","A","2012",5.29383229449638,
"EU","HHSAV","TOT","PC_HHDI","A","2013",5.35918532337432,
"EU","HHSAV","TOT","PC_HHDI","A","2014",5.09968610176941,
"EU","HHSAV","TOT","PC_HHDI","A","2015",4.9962111119993,
"EU","HHSAV","TOT","PC_HHDI","A","2016",5.2741968538799,
"EU","HHSAV","TOT","PC_HHDI","A","2017",5.12969623473968,
"EU","HHSAV","TOT","PC_HHDI","A","2018",5.11826664887094,
"EU","HHSAV","TOT","PC_HHDI","A","2019",5.63487281222792,
"CAN","HHSAV","TOT","PC_HHDI","A","1981",16.089069350554,
"CAN","HHSAV","TOT","PC_HHDI","A","1982",18.674802337573,
"CAN","HHSAV","TOT","PC_HHDI","A","1983",15.1773945008633,
"CAN","HHSAV","TOT","PC_HHDI","A","1984",15.1720674055953,
"CAN","HHSAV","TOT","PC_HHDI","A","1985",14.3503704618033,
"CAN","HHSAV","TOT","PC_HHDI","A","1986",12.1303901900571,
"CAN","HHSAV","TOT","PC_HHDI","A","1987",10.7239462177463,
"CAN","HHSAV","TOT","PC_HHDI","A","1988",11.2233410551001,
"CAN","HHSAV","TOT","PC_HHDI","A","1989",11.9304653809009,
"CAN","HHSAV","TOT","PC_HHDI","A","1990",12.0614154258595,
"CAN","HHSAV","TOT","PC_HHDI","A","1991",12.1093920815805,
"CAN","HHSAV","TOT","PC_HHDI","A","1992",12.1772491928582,
"CAN","HHSAV","TOT","PC_HHDI","A","1993",11.5655114776248,
"CAN","HHSAV","TOT","PC_HHDI","A","1994",9.52969272665976,
"CAN","HHSAV","TOT","PC_HHDI","A","1995",8.71455368413602,
"CAN","HHSAV","TOT","PC_HHDI","A","1996",6.38067542612129,
"CAN","HHSAV","TOT","PC_HHDI","A","1997",4.40155756831042,
"CAN","HHSAV","TOT","PC_HHDI","A","1998",4.7364638874349,
"CAN","HHSAV","TOT","PC_HHDI","A","1999",4.55786641885772,
"CAN","HHSAV","TOT","PC_HHDI","A","2000",5.04595893527024,
"CAN","HHSAV","TOT","PC_HHDI","A","2001",4.76282534393988,
"CAN","HHSAV","TOT","PC_HHDI","A","2002",3.01091303660357,
"CAN","HHSAV","TOT","PC_HHDI","A","2003",2.04193525318062,
"CAN","HHSAV","TOT","PC_HHDI","A","2004",2.5829540229119,
"CAN","HHSAV","TOT","PC_HHDI","A","2005",1.53237059542304,
"CAN","HHSAV","TOT","PC_HHDI","A","2006",2.60452044965319,
"CAN","HHSAV","TOT","PC_HHDI","A","2007",2.1581494647404,
"CAN","HHSAV","TOT","PC_HHDI","A","2008",3.26205919965869,
"CAN","HHSAV","TOT","PC_HHDI","A","2009",4.5031150970842,
"CAN","HHSAV","TOT","PC_HHDI","A","2010",4.27044469601736,
"CAN","HHSAV","TOT","PC_HHDI","A","2011",4.15707512616379,
"CAN","HHSAV","TOT","PC_HHDI","A","2012",4.71976922883597,
"CAN","HHSAV","TOT","PC_HHDI","A","2013",4.74922869884537,
"CAN","HHSAV","TOT","PC_HHDI","A","2014",3.54275404454743,
"CAN","HHSAV","TOT","PC_HHDI","A","2015",4.07419603593089,
"CAN","HHSAV","TOT","PC_HHDI","A","2016",1.62140210921793,
"CAN","HHSAV","TOT","PC_HHDI","A","2017",1.85058795710116,
"CAN","HHSAV","TOT","PC_HHDI","A","2018",0.734508218875157,
"CAN","HHSAV","TOT","PC_HHDI","A","2019",1.24422595841876,
"CHN","HHSAV","TOT","PC_HHDI","A","1992",33.9800778715818,
"CHN","HHSAV","TOT","PC_HHDI","A","1993",31.7188294448811,
"CHN","HHSAV","TOT","PC_HHDI","A","1994",33.8620211642605,
"CHN","HHSAV","TOT","PC_HHDI","A","1995",29.6107099337439,
"CHN","HHSAV","TOT","PC_HHDI","A","1996",31.0363993438131,
"CHN","HHSAV","TOT","PC_HHDI","A","1997",31.7717854339754,
"CHN","HHSAV","TOT","PC_HHDI","A","1998",32.2318445323417,
"CHN","HHSAV","TOT","PC_HHDI","A","1999",29.6892843651234,
"CHN","HHSAV","TOT","PC_HHDI","A","2000",28.2456073083828,
"CHN","HHSAV","TOT","PC_HHDI","A","2001",28.0082877446113,
"CHN","HHSAV","TOT","PC_HHDI","A","2002",27.2146189824983,
"CHN","HHSAV","TOT","PC_HHDI","A","2003",30.2187064079566,
"CHN","HHSAV","TOT","PC_HHDI","A","2004",30.5700125622451,
"CHN","HHSAV","TOT","PC_HHDI","A","2005",31.5084287342249,
"CHN","HHSAV","TOT","PC_HHDI","A","2006",34.3451520456516,
"CHN","HHSAV","TOT","PC_HHDI","A","2007",35.7964301024393,
"CHN","HHSAV","TOT","PC_HHDI","A","2008",37.316817918198,
"CHN","HHSAV","TOT","PC_HHDI","A","2009",37.8367418867531,
"CHN","HHSAV","TOT","PC_HHDI","A","2010",38.9861284227165,
"CHN","HHSAV","TOT","PC_HHDI","A","2011",38.1006940152768,
"CHN","HHSAV","TOT","PC_HHDI","A","2012",38.1105959589031,
"CHN","HHSAV","TOT","PC_HHDI","A","2013",38.4612785139198,
"CHN","HHSAV","TOT","PC_HHDI","A","2014",37.986747916121,
"CHN","HHSAV","TOT","PC_HHDI","A","2015",37.065376900555,
"CHN","HHSAV","TOT","PC_HHDI","A","2016",36.1434354731471,
"LVA","HHSAV","TOT","PC_HHDI","A","1995",-39.3530725111043,
"LVA","HHSAV","TOT","PC_HHDI","A","1996",-33.3752737367765,
"LVA","HHSAV","TOT","PC_HHDI","A","1997",-15.6279065286092,
"LVA","HHSAV","TOT","PC_HHDI","A","1998",-18.520665738241,
"LVA","HHSAV","TOT","PC_HHDI","A","1999",-20.1406539639287,
"LVA","HHSAV","TOT","PC_HHDI","A","2000",-9.48603314225136,
"LVA","HHSAV","TOT","PC_HHDI","A","2001",-9.65142537230087,
"LVA","HHSAV","TOT","PC_HHDI","A","2002",-9.05926676091681,
"LVA","HHSAV","TOT","PC_HHDI","A","2003",-7.3697643547074,
"LVA","HHSAV","TOT","PC_HHDI","A","2004",-5.84813342715209,
"LVA","HHSAV","TOT","PC_HHDI","A","2005",-4.7385440848933,
"LVA","HHSAV","TOT","PC_HHDI","A","2006",-9.13181906635819,
"LVA","HHSAV","TOT","PC_HHDI","A","2007",-9.38641848307496,
"LVA","HHSAV","TOT","PC_HHDI","A","2008",4.13657596299733,
"LVA","HHSAV","TOT","PC_HHDI","A","2009",6.7908545524674,
"LVA","HHSAV","TOT","PC_HHDI","A","2010",-1.44004642464286,
"LVA","HHSAV","TOT","PC_HHDI","A","2011",-14.0299123138494,
"LVA","HHSAV","TOT","PC_HHDI","A","2012",-13.5333996439498,
"LVA","HHSAV","TOT","PC_HHDI","A","2013",-14.458432013017,
"LVA","HHSAV","TOT","PC_HHDI","A","2014",-8.7428410019254,
"LVA","HHSAV","TOT","PC_HHDI","A","2015",-4.64297014255083,
"LVA","HHSAV","TOT","PC_HHDI","A","2016",-2.9998278412359,
"LVA","HHSAV","TOT","PC_HHDI","A","2017",-3.33396065618987,
"LVA","HHSAV","TOT","PC_HHDI","A","2018",-1.30028450662499,
"LVA","HHSAV","TOT","PC_HHDI","A","2019",-3.03631581743948,
"CRI","HHSAV","TOT","PC_HHDI","A","2012",0.928948497921985,
"CRI","HHSAV","TOT","PC_HHDI","A","2013",1.60581298931198,
"CRI","HHSAV","TOT","PC_HHDI","A","2014",0.739921118518307,
"CRI","HHSAV","TOT","PC_HHDI","A","2015",1.7223990365087,
"CRI","HHSAV","TOT","PC_HHDI","A","2016",4.61257731128365,
"LTU","HHSAV","TOT","PC_HHDI","A","2004",4.9075569589849,
"LTU","HHSAV","TOT","PC_HHDI","A","2005",0.025481657661594,
"LTU","HHSAV","TOT","PC_HHDI","A","2006",1.368433162944,
"LTU","HHSAV","TOT","PC_HHDI","A","2007",-8.47416705485307,
"LTU","HHSAV","TOT","PC_HHDI","A","2008",-4.52654473078394,
"LTU","HHSAV","TOT","PC_HHDI","A","2009",1.34859014488263,
"LTU","HHSAV","TOT","PC_HHDI","A","2010",4.39942181789914,
"LTU","HHSAV","TOT","PC_HHDI","A","2011",0.626096745869205,
"LTU","HHSAV","TOT","PC_HHDI","A","2012",-1.01689908330299,
"LTU","HHSAV","TOT","PC_HHDI","A","2013",-1.58171623443158,
"LTU","HHSAV","TOT","PC_HHDI","A","2014",-3.70955112131228,
"LTU","HHSAV","TOT","PC_HHDI","A","2015",-3.56108004503851,
"LTU","HHSAV","TOT","PC_HHDI","A","2016",-0.996733036155633,
"LTU","HHSAV","TOT","PC_HHDI","A","2017",-3.71989617810686,
"LTU","HHSAV","TOT","PC_HHDI","A","2018",-3.61394543282451,
"LTU","HHSAV","TOT","PC_HHDI","A","2019",0.61772842214739,
"COL","HHSAV","TOT","PC_HHDI","A","2014",8.60483028817313,
"COL","HHSAV","TOT","PC_HHDI","A","2015",8.23665657571263,
"COL","HHSAV","TOT","PC_HHDI","A","2016",8.52650128778636,
"COL","HHSAV","TOT","PC_HHDI","A","2017",8.67974426595869,
"COL","HHSAV","TOT","PC_HHDI","A","2018",8.16350358470267,"E"
